id,username,email,created_at
1,cobaltriver87,cobaltriver87@example.com,2025-05-07 09:27:28
2,tidyfield12,tidyfield12@example.com,2025-11-27 01:08:03
3,livelysignal72,livelysignal72@seeded.app,2026-01-27 04:30:26
4,livelyharvest33,livelyharvest33@opswise.net,2024-06-06 23:27:44
5,silversignal45,silversignal45@acme.dev,2025-07-30 10:47:57
6,calmcanyon47,calmcanyon47@relay.cloud,2025-06-06 22:13:49
7,proudriver98,proudriver98@opswise.net,2025-12-22 14:52:01
8,calmcanyon86,calmcanyon86@acme.dev,2024-09-24 13:45:32
9,jadecanyon37,jadecanyon37@acme.dev,2025-10-19 07:08:03
10,quietbeacon76,quietbeacon76@acme.dev,2024-06-14 19:20:02
11,keenharvest46,keenharvest46@opswise.net,2025-08-14 06:27:46
12,clearorbit03,clearorbit03@example.com,2025-12-07 10:34:19
13,harboranchor52,harboranchor52@seeded.app,2024-05-25 05:12:55
14,ivorylagoon94,ivorylagoon94@acme.dev,2024-07-21 00:33:03
15,keenbeacon45,keenbeacon45@acme.dev,2026-01-04 22:33:19
16,keenpioneer57,keenpioneer57@seeded.app,2024-03-25 00:51:42
17,navyriver76,navyriver76@hackstack.io,2024-06-04 00:39:13
18,silverfield53,silverfield53@example.com,2025-09-29 07:40:19
19,keendelta81,keendelta81@seeded.app,2025-07-27 01:08:39
20,keenanchor55,keenanchor55@seeded.app,2024-09-18 04:00:42
21,rapidbeacon08,rapidbeacon08@relay.cloud,2025-12-10 04:55:44
22,urbanfield74,urbanfield74@seeded.app,2024-10-25 14:47:20
23,ivorycanyon36,ivorycanyon36@hackstack.io,2024-08-08 08:53:39
24,rapidtrail45,rapidtrail45@hackstack.io,2024-09-15 04:53:47
25,jadeuplink66,jadeuplink66@acme.dev,2024-04-09 15:44:26
26,silveruplink12,silveruplink12@seeded.app,2025-05-18 08:08:47
27,vividengine07,vividengine07@opswise.net,2025-10-25 16:14:47
28,livelyorbit03,livelyorbit03@relay.cloud,2025-01-08 11:56:39
29,forestanchor70,forestanchor70@opswise.net,2025-03-06 22:59:36
30,dawnsignal70,dawnsignal70@opswise.net,2024-04-15 11:22:59
31,rapidorbit89,rapidorbit89@example.com,2025-06-03 08:19:51
32,harborfield04,harborfield04@relay.cloud,2025-10-24 21:53:13
33,quietbeacon85,quietbeacon85@example.com,2025-06-29 23:55:30
34,goldgarden98,goldgarden98@acme.dev,2024-09-19 18:08:21
35,younganchor55,younganchor55@opswise.net,2024-12-30 10:48:34
36,navyorbit96,navyorbit96@example.com,2025-09-12 22:59:10
37,navyfield44,navyfield44@example.com,2024-06-06 12:12:35
38,harborlagoon81,harborlagoon81@seeded.app,2025-11-14 05:45:40
39,dawnlagoon42,dawnlagoon42@seeded.app,2024-03-02 02:38:23
40,cobaltorbit63,cobaltorbit63@hackstack.io,2026-01-24 01:24:18
41,urbantrail71,urbantrail71@hackstack.io,2024-05-19 23:39:33
42,harborwindow03,harborwindow03@acme.dev,2024-12-19 03:10:00
43,opalisland99,opalisland99@hackstack.io,2025-11-16 04:04:19
44,briskbeacon06,briskbeacon06@relay.cloud,2024-11-27 01:59:47
45,quietquartz68,quietquartz68@example.com,2025-08-17 04:11:13
46,calmkernel02,calmkernel02@seeded.app,2024-01-14 02:56:09
47,tidybeacon58,tidybeacon58@relay.cloud,2024-03-05 02:00:36
48,calmfield60,calmfield60@seeded.app,2025-01-11 05:17:01
49,jadezenith13,jadezenith13@opswise.net,2025-07-10 14:24:15
50,goldgarden89,goldgarden89@seeded.app,2024-09-09 16:40:24
51,urbanzenith10,urbanzenith10@hackstack.io,2025-04-10 00:39:53
52,dawnzenith86,dawnzenith86@relay.cloud,2024-10-13 03:40:47
53,goldvalley27,goldvalley27@relay.cloud,2025-12-11 15:52:33
54,ivorypioneer66,ivorypioneer66@acme.dev,2024-11-02 18:00:37
55,calmnetwork18,calmnetwork18@relay.cloud,2024-12-22 12:27:56
56,jademeadow38,jademeadow38@example.com,2025-01-11 00:35:52
57,dawnkernel09,dawnkernel09@acme.dev,2025-01-08 11:40:19
58,mellowfield68,mellowfield68@seeded.app,2024-04-13 03:00:07
59,mellowpioneer58,mellowpioneer58@hackstack.io,2024-11-03 12:24:40
60,warmfield57,warmfield57@example.com,2025-07-20 09:34:08
61,urbanmeadow52,urbanmeadow52@opswise.net,2024-05-02 06:40:30
62,proudharvest38,proudharvest38@example.com,2025-01-29 02:25:06
63,keentrail26,keentrail26@hackstack.io,2025-11-09 19:55:35
64,emberkernel32,emberkernel32@opswise.net,2024-02-04 22:46:47
65,dawngarden08,dawngarden08@acme.dev,2025-12-14 18:25:30
66,navyvalley20,navyvalley20@hackstack.io,2025-06-10 01:42:22
67,cobaltvalley82,cobaltvalley82@example.com,2024-08-03 12:14:15
68,amberjourney52,amberjourney52@example.com,2024-08-13 08:53:24
69,dawnlagoon57,dawnlagoon57@acme.dev,2025-06-25 11:52:41
70,forestsignal87,forestsignal87@relay.cloud,2024-08-17 17:59:11
71,ivoryuplink97,ivoryuplink97@relay.cloud,2024-02-29 10:12:47
72,warmmeadow16,warmmeadow16@hackstack.io,2024-12-16 15:56:33
73,jadepioneer11,jadepioneer11@seeded.app,2025-06-27 23:19:32
74,quietcanyon46,quietcanyon46@acme.dev,2025-05-16 16:31:10
75,vividsignal93,vividsignal93@opswise.net,2026-01-19 00:37:56
76,golduplink89,golduplink89@example.com,2024-10-28 05:16:22
77,briskcanyon36,briskcanyon36@acme.dev,2024-07-05 20:01:46
78,clearsignal66,clearsignal66@hackstack.io,2025-02-04 23:21:16
79,quietjourney95,quietjourney95@hackstack.io,2025-06-19 10:43:53
80,emberriver35,emberriver35@example.com,2025-04-17 19:13:10
81,younglagoon01,younglagoon01@example.com,2024-05-10 03:51:11
82,warmsignal03,warmsignal03@example.com,2024-10-03 04:43:32
83,ivorycanyon17,ivorycanyon17@acme.dev,2025-11-22 06:25:50
84,clearyard37,clearyard37@seeded.app,2024-06-14 20:58:25
85,dawngarden62,dawngarden62@seeded.app,2025-10-14 02:37:48
86,jadebeacon82,jadebeacon82@example.com,2025-07-03 22:24:09
87,opalengine08,opalengine08@opswise.net,2026-01-18 21:33:08
88,dawnengine14,dawnengine14@relay.cloud,2024-03-09 14:33:11
89,livelylagoon62,livelylagoon62@example.com,2025-06-09 04:21:10
90,ivoryquartz76,ivoryquartz76@seeded.app,2024-04-21 05:56:25
91,proudisland37,proudisland37@hackstack.io,2025-09-28 08:43:05
92,opalgarden16,opalgarden16@relay.cloud,2025-12-28 09:17:33
93,urbanmeadow88,urbanmeadow88@example.com,2025-05-19 09:14:39
94,proudmeadow43,proudmeadow43@relay.cloud,2025-04-28 16:41:45
95,youngbeacon24,youngbeacon24@opswise.net,2024-05-26 12:02:42
96,vividsignal12,vividsignal12@acme.dev,2025-11-07 22:04:00
97,urbanbeacon43,urbanbeacon43@hackstack.io,2025-10-08 18:56:09
98,ambersignal79,ambersignal79@hackstack.io,2024-03-01 02:18:00
99,ivoryvalley77,ivoryvalley77@seeded.app,2025-01-24 10:14:59
100,silverzenith07,silverzenith07@example.com,2024-05-30 18:43:02
101,goldkernel91,goldkernel91@hackstack.io,2025-06-19 09:25:27
102,proudgarden15,proudgarden15@seeded.app,2024-08-18 19:51:54
103,forestgarden40,forestgarden40@opswise.net,2024-01-25 19:34:10
104,briskzenith62,briskzenith62@hackstack.io,2024-07-17 20:43:41
105,clearriver81,clearriver81@opswise.net,2024-02-05 17:57:01
106,urbanuplink93,urbanuplink93@example.com,2024-07-15 11:12:15
107,livelylagoon12,livelylagoon12@hackstack.io,2024-05-12 08:42:07
108,proudisland11,proudisland11@seeded.app,2024-04-01 09:43:30
109,urbandelta83,urbandelta83@hackstack.io,2025-08-12 17:30:35
110,cobaltcanyon90,cobaltcanyon90@example.com,2024-01-08 13:42:35
111,proudkernel04,proudkernel04@example.com,2025-06-05 22:48:00
112,ivorycanyon82,ivorycanyon82@seeded.app,2024-06-08 02:03:38
113,urbanisland06,urbanisland06@seeded.app,2024-03-29 17:21:50
114,clearzenith90,clearzenith90@seeded.app,2026-01-05 00:28:48
115,brisklagoon95,brisklagoon95@acme.dev,2024-09-29 13:55:23
116,urbanwindow23,urbanwindow23@acme.dev,2024-07-14 16:29:39
117,goldtrail57,goldtrail57@relay.cloud,2026-01-19 13:26:48
118,warmlagoon41,warmlagoon41@example.com,2024-09-18 02:55:46
119,warmisland49,warmisland49@acme.dev,2024-04-04 00:30:48
120,livelyvalley45,livelyvalley45@opswise.net,2024-04-09 01:44:36
121,tidyzenith38,tidyzenith38@hackstack.io,2024-07-31 12:22:19
122,keenanchor55,keenanchor55@example.com,2025-06-09 19:58:18
123,harboruplink63,harboruplink63@seeded.app,2025-05-14 00:16:57
124,ivoryengine88,ivoryengine88@hackstack.io,2024-03-08 14:37:52
125,livelyjourney82,livelyjourney82@acme.dev,2025-10-15 01:20:56
126,briskzenith61,briskzenith61@hackstack.io,2024-02-21 19:23:08
127,ambermeadow61,ambermeadow61@opswise.net,2025-01-18 15:02:31
128,quietisland34,quietisland34@relay.cloud,2025-02-21 09:34:40
129,amberdelta09,amberdelta09@relay.cloud,2026-01-23 00:36:48
130,dawnriver56,dawnriver56@seeded.app,2024-10-03 17:36:15
131,cobaltpioneer77,cobaltpioneer77@relay.cloud,2024-12-15 04:17:15
132,vividisland61,vividisland61@seeded.app,2024-11-05 07:34:47
133,cobaltisland23,cobaltisland23@hackstack.io,2025-05-29 16:06:02
134,proudgarden94,proudgarden94@acme.dev,2025-11-26 09:57:25
135,jadekernel41,jadekernel41@seeded.app,2025-11-20 13:08:46
136,youngwindow59,youngwindow59@hackstack.io,2024-12-18 01:58:08
137,dawnwindow02,dawnwindow02@seeded.app,2024-08-14 21:37:13
138,urbanorbit65,urbanorbit65@acme.dev,2024-07-21 17:31:06
139,goldriver45,goldriver45@acme.dev,2025-06-08 22:13:12
140,ivoryvalley82,ivoryvalley82@example.com,2025-05-26 06:34:27
141,jadepioneer04,jadepioneer04@seeded.app,2024-11-06 21:00:46
142,ivoryisland38,ivoryisland38@opswise.net,2025-09-09 17:45:38
143,jadeuplink58,jadeuplink58@example.com,2025-08-08 04:21:42
144,forestwindow01,forestwindow01@seeded.app,2024-04-12 00:53:22
145,forestmeadow85,forestmeadow85@opswise.net,2025-10-29 10:39:02
146,vividgarden81,vividgarden81@seeded.app,2024-08-12 23:25:01
147,opalyard95,opalyard95@seeded.app,2024-03-13 06:56:39
148,quietuplink31,quietuplink31@seeded.app,2024-06-06 22:36:03
149,silverisland28,silverisland28@seeded.app,2025-12-12 18:39:42
150,briskyard60,briskyard60@opswise.net,2025-10-16 21:58:13
151,navyuplink79,navyuplink79@relay.cloud,2024-01-23 18:27:44
152,calmvalley86,calmvalley86@example.com,2025-10-08 22:49:55
153,livelydelta14,livelydelta14@hackstack.io,2025-07-26 03:42:00
154,livelyvalley65,livelyvalley65@example.com,2025-05-12 08:20:10
155,urbantrail93,urbantrail93@hackstack.io,2025-09-23 06:19:52
156,rapidquartz31,rapidquartz31@hackstack.io,2025-04-18 09:03:16
157,proudcanyon00,proudcanyon00@seeded.app,2025-08-23 16:15:24
158,forestuplink41,forestuplink41@hackstack.io,2025-09-17 15:24:14
159,mellowquartz99,mellowquartz99@acme.dev,2024-02-29 13:56:04
160,rapidgarden48,rapidgarden48@hackstack.io,2024-08-03 23:08:12
161,mellowtrail84,mellowtrail84@acme.dev,2025-07-15 10:25:17
162,ivoryyard40,ivoryyard40@example.com,2025-05-14 23:18:55
163,warmzenith29,warmzenith29@opswise.net,2024-09-13 20:38:54
164,vividwindow58,vividwindow58@acme.dev,2025-11-27 11:10:37
165,livelybeacon80,livelybeacon80@relay.cloud,2025-07-14 05:32:33
166,quietanchor59,quietanchor59@hackstack.io,2025-09-11 07:54:47
167,goldisland46,goldisland46@seeded.app,2025-08-15 09:33:13
168,ivoryuplink53,ivoryuplink53@example.com,2025-05-24 19:43:23
169,dawncanyon65,dawncanyon65@example.com,2024-03-14 09:13:26
170,goldzenith57,goldzenith57@hackstack.io,2024-06-13 22:47:55
171,silverengine77,silverengine77@acme.dev,2025-04-12 13:24:23
172,goldisland19,goldisland19@example.com,2025-07-20 01:06:20
173,urbanisland52,urbanisland52@opswise.net,2024-12-04 17:47:32
174,amberengine98,amberengine98@hackstack.io,2024-10-16 08:13:23
175,vividsignal56,vividsignal56@seeded.app,2025-01-12 05:13:51
176,urbanvalley74,urbanvalley74@opswise.net,2024-07-27 04:10:40
177,warmtrail58,warmtrail58@hackstack.io,2024-12-31 21:52:42
178,harborwindow08,harborwindow08@hackstack.io,2024-02-12 07:32:56
179,livelyengine67,livelyengine67@hackstack.io,2024-03-04 19:45:24
180,tidyuplink84,tidyuplink84@relay.cloud,2024-04-10 09:01:56
181,proudquartz46,proudquartz46@seeded.app,2024-11-29 07:13:52
182,livelycanyon40,livelycanyon40@hackstack.io,2025-08-02 19:55:47
183,emberengine38,emberengine38@seeded.app,2024-07-06 14:51:40
184,jadevalley58,jadevalley58@opswise.net,2025-04-28 22:48:05
185,dawngarden41,dawngarden41@relay.cloud,2024-07-30 02:15:19
186,rapidjourney39,rapidjourney39@relay.cloud,2024-11-01 04:38:55
187,youngjourney95,youngjourney95@hackstack.io,2024-11-15 16:52:04
188,silvermeadow38,silvermeadow38@relay.cloud,2025-10-19 12:02:09
189,livelyriver48,livelyriver48@seeded.app,2024-12-13 11:37:20
190,tidylagoon09,tidylagoon09@hackstack.io,2025-10-10 06:58:50
191,goldorbit78,goldorbit78@acme.dev,2025-01-24 13:27:08
192,rapidmeadow00,rapidmeadow00@hackstack.io,2025-06-30 10:49:50
193,vividfield51,vividfield51@hackstack.io,2024-03-03 14:23:21
194,harbordelta71,harbordelta71@example.com,2024-06-07 22:32:58
195,forestorbit51,forestorbit51@example.com,2024-07-12 19:01:52
196,amberharvest53,amberharvest53@example.com,2024-04-14 21:18:38
197,tidybeacon67,tidybeacon67@relay.cloud,2024-01-08 03:43:57
198,goldzenith92,goldzenith92@seeded.app,2025-11-01 22:48:48
199,navykernel10,navykernel10@example.com,2024-12-31 12:59:44
200,harborcanyon04,harborcanyon04@seeded.app,2024-02-21 08:33:37
201,cobaltmeadow66,cobaltmeadow66@hackstack.io,2025-01-23 06:45:39
202,mellowisland19,mellowisland19@opswise.net,2024-03-15 20:30:39
203,emberdelta94,emberdelta94@relay.cloud,2026-01-01 21:47:00
204,jadeengine58,jadeengine58@opswise.net,2024-04-26 00:13:53
205,navymeadow50,navymeadow50@example.com,2025-11-15 21:06:35
206,mellowtrail60,mellowtrail60@acme.dev,2025-09-02 10:09:01
207,silverzenith25,silverzenith25@example.com,2024-12-02 02:20:27
208,youngsignal06,youngsignal06@opswise.net,2025-05-20 11:31:16
209,emberanchor72,emberanchor72@opswise.net,2025-06-03 06:21:11
210,cobaltriver91,cobaltriver91@seeded.app,2025-02-19 17:22:10
211,emberriver81,emberriver81@acme.dev,2025-12-22 02:14:18
212,forestnetwork74,forestnetwork74@acme.dev,2025-01-15 07:53:42
213,goldbeacon66,goldbeacon66@acme.dev,2024-12-10 03:35:07
214,rapidorbit14,rapidorbit14@hackstack.io,2024-05-12 14:15:48
215,keenjourney25,keenjourney25@seeded.app,2025-06-11 12:00:21
216,warmgarden86,warmgarden86@example.com,2025-09-17 14:32:29
217,urbanuplink92,urbanuplink92@hackstack.io,2025-08-25 15:29:19
218,keenharvest71,keenharvest71@opswise.net,2025-01-22 19:50:35
219,youngsignal31,youngsignal31@relay.cloud,2024-06-02 12:54:50
220,proudsignal85,proudsignal85@example.com,2025-03-04 06:54:00
221,ivorymeadow78,ivorymeadow78@example.com,2025-02-03 23:07:55
222,clearquartz10,clearquartz10@example.com,2024-06-08 20:55:30
223,amberharvest19,amberharvest19@acme.dev,2024-10-02 03:54:45
224,amberlagoon37,amberlagoon37@opswise.net,2024-12-28 13:16:52
225,silversignal86,silversignal86@hackstack.io,2025-10-13 18:22:59
226,cobaltkernel38,cobaltkernel38@seeded.app,2025-09-26 19:02:15
227,ambervalley35,ambervalley35@hackstack.io,2024-02-24 06:43:36
228,youngmeadow20,youngmeadow20@example.com,2025-11-25 00:23:10
229,ivorycanyon62,ivorycanyon62@relay.cloud,2025-09-22 01:23:29
230,tidyuplink54,tidyuplink54@acme.dev,2025-01-03 06:53:41
231,tidyvalley11,tidyvalley11@acme.dev,2025-07-06 00:56:19
232,keendelta46,keendelta46@acme.dev,2025-01-04 15:13:16
233,amberkernel84,amberkernel84@seeded.app,2024-01-29 22:55:32
234,livelyorbit19,livelyorbit19@example.com,2024-10-16 18:19:20
235,livelyorbit73,livelyorbit73@example.com,2024-12-22 20:09:31
236,embersignal62,embersignal62@example.com,2025-06-10 15:30:29
237,livelyuplink01,livelyuplink01@acme.dev,2024-07-30 09:14:31
238,rapiduplink18,rapiduplink18@example.com,2025-07-23 19:06:02
239,livelywindow71,livelywindow71@example.com,2025-04-28 20:06:27
240,navyyard90,navyyard90@example.com,2024-08-17 07:56:45
241,keenfield99,keenfield99@acme.dev,2025-09-08 20:38:21
242,cobaltpioneer53,cobaltpioneer53@hackstack.io,2025-06-26 20:14:52
243,cobaltzenith54,cobaltzenith54@acme.dev,2025-07-27 06:30:04
244,silverjourney92,silverjourney92@seeded.app,2025-03-07 15:11:53
245,opalnetwork08,opalnetwork08@hackstack.io,2025-08-23 14:48:24
246,tidyfield23,tidyfield23@example.com,2025-10-08 20:59:53
247,ivoryisland45,ivoryisland45@seeded.app,2025-02-08 13:06:34
248,proudzenith93,proudzenith93@hackstack.io,2025-12-29 06:59:19
249,dawnanchor61,dawnanchor61@relay.cloud,2024-07-13 05:07:34
250,warmbeacon42,warmbeacon42@relay.cloud,2025-09-13 04:38:25
251,forestzenith28,forestzenith28@hackstack.io,2025-08-13 08:26:21
252,rapidyard45,rapidyard45@relay.cloud,2024-10-06 12:05:12
253,keennetwork90,keennetwork90@seeded.app,2024-11-07 02:09:34
254,vividvalley34,vividvalley34@example.com,2024-07-09 05:08:17
255,proudengine74,proudengine74@hackstack.io,2025-06-11 13:34:52
256,calmyard59,calmyard59@example.com,2024-01-22 11:57:20
257,quietjourney69,quietjourney69@relay.cloud,2024-05-03 01:56:43
258,silveryard99,silveryard99@seeded.app,2024-03-02 01:43:53
259,melloworbit65,melloworbit65@acme.dev,2026-01-18 19:32:13
260,warmnetwork76,warmnetwork76@relay.cloud,2025-09-30 21:22:56
261,briskvalley09,briskvalley09@acme.dev,2024-08-27 16:30:40
262,navypioneer76,navypioneer76@acme.dev,2025-12-10 11:43:07
263,vividlagoon95,vividlagoon95@example.com,2024-05-22 10:43:12
264,goldlagoon00,goldlagoon00@seeded.app,2026-01-25 23:33:15
265,silveruplink29,silveruplink29@seeded.app,2024-02-24 15:38:42
266,dawnuplink26,dawnuplink26@example.com,2025-07-25 18:58:18
267,ambertrail65,ambertrail65@example.com,2025-06-25 11:41:17
268,forestvalley06,forestvalley06@opswise.net,2025-06-27 06:49:38
269,mellowzenith97,mellowzenith97@example.com,2026-01-13 09:36:16
270,rapidquartz66,rapidquartz66@seeded.app,2024-01-28 20:06:35
271,tidyjourney99,tidyjourney99@acme.dev,2025-07-21 04:47:52
272,silverbeacon25,silverbeacon25@seeded.app,2024-06-17 22:54:23
273,jadeengine74,jadeengine74@opswise.net,2025-10-19 19:53:42
274,navysignal06,navysignal06@seeded.app,2024-01-27 01:58:54
275,amberisland56,amberisland56@example.com,2025-02-17 08:05:45
276,harborvalley36,harborvalley36@seeded.app,2024-11-22 13:17:51
277,harborkernel70,harborkernel70@acme.dev,2025-12-30 02:11:12
278,ambergarden97,ambergarden97@acme.dev,2024-10-13 02:07:01
279,jadedelta43,jadedelta43@hackstack.io,2024-05-04 15:55:11
280,warmorbit35,warmorbit35@relay.cloud,2025-03-13 20:24:25
281,emberlagoon91,emberlagoon91@relay.cloud,2025-06-15 17:59:19
282,opalorbit37,opalorbit37@opswise.net,2025-07-10 04:01:09
283,quietzenith12,quietzenith12@acme.dev,2025-01-12 21:57:41
284,dawnvalley14,dawnvalley14@acme.dev,2026-01-24 11:10:42
285,quietbeacon75,quietbeacon75@relay.cloud,2024-03-04 03:43:29
286,livelyisland13,livelyisland13@acme.dev,2024-04-23 20:18:35
287,dawnwindow77,dawnwindow77@seeded.app,2026-01-13 14:26:16
288,dawnkernel44,dawnkernel44@acme.dev,2025-04-03 22:08:52
289,briskfield01,briskfield01@hackstack.io,2025-11-05 06:50:27
290,emberzenith35,emberzenith35@relay.cloud,2024-07-15 02:41:01
291,urbansignal06,urbansignal06@opswise.net,2025-08-23 02:34:36
292,warmsignal82,warmsignal82@opswise.net,2025-08-31 22:12:20
293,younganchor11,younganchor11@relay.cloud,2025-03-10 10:44:46
294,goldwindow61,goldwindow61@seeded.app,2024-12-09 21:02:44
295,jadetrail59,jadetrail59@seeded.app,2025-03-19 05:37:08
296,dawnriver32,dawnriver32@example.com,2024-07-11 04:13:01
297,opalnetwork03,opalnetwork03@acme.dev,2025-06-10 01:48:08
298,tidyyard72,tidyyard72@acme.dev,2024-04-03 06:37:57
299,navyvalley73,navyvalley73@acme.dev,2025-07-12 04:34:53
300,opalzenith68,opalzenith68@example.com,2024-03-01 19:30:10
301,dawnuplink25,dawnuplink25@seeded.app,2024-07-12 10:11:34
302,youngzenith08,youngzenith08@hackstack.io,2025-01-16 20:45:30
303,forestyard09,forestyard09@opswise.net,2024-06-17 19:58:48
304,proudwindow57,proudwindow57@opswise.net,2025-05-21 07:36:36
305,youngharvest08,youngharvest08@seeded.app,2024-06-24 20:23:28
306,cleardelta39,cleardelta39@hackstack.io,2024-05-25 15:57:17
307,jadeisland56,jadeisland56@example.com,2025-06-22 12:12:27
308,tidysignal90,tidysignal90@example.com,2025-10-13 06:56:16
309,goldsignal43,goldsignal43@hackstack.io,2025-04-07 05:14:17
310,cobaltdelta65,cobaltdelta65@relay.cloud,2024-10-08 09:42:00
311,mellowquartz69,mellowquartz69@seeded.app,2025-09-14 15:09:32
312,briskorbit65,briskorbit65@relay.cloud,2025-12-27 00:32:23
313,briskquartz77,briskquartz77@acme.dev,2024-01-25 09:06:45
314,rapidlagoon78,rapidlagoon78@acme.dev,2025-11-09 18:18:44
315,warmjourney53,warmjourney53@seeded.app,2025-06-02 07:41:28
316,ivorylagoon66,ivorylagoon66@example.com,2024-12-27 02:49:07
317,warmwindow96,warmwindow96@relay.cloud,2025-07-28 20:22:59
318,calmjourney06,calmjourney06@hackstack.io,2024-12-28 02:25:37
319,emberriver42,emberriver42@relay.cloud,2024-03-01 05:42:11
320,proudsignal19,proudsignal19@acme.dev,2026-01-27 22:38:02
321,silverbeacon10,silverbeacon10@seeded.app,2025-05-23 23:38:23
322,opalpioneer46,opalpioneer46@opswise.net,2026-01-10 11:14:02
323,jadejourney45,jadejourney45@seeded.app,2024-08-27 14:28:48
324,silveranchor50,silveranchor50@acme.dev,2024-04-02 00:01:21
325,opalnetwork24,opalnetwork24@opswise.net,2024-10-31 23:41:50
326,vividtrail23,vividtrail23@relay.cloud,2024-12-02 13:54:31
327,dawnzenith61,dawnzenith61@hackstack.io,2025-12-07 03:07:59
328,urbanisland13,urbanisland13@example.com,2024-02-22 06:45:21
329,tidywindow98,tidywindow98@opswise.net,2025-09-22 18:24:32
330,tidyisland09,tidyisland09@relay.cloud,2025-09-25 13:15:19
331,cobaltfield83,cobaltfield83@example.com,2024-01-16 17:31:15
332,youngjourney78,youngjourney78@example.com,2024-06-24 16:29:35
333,goldgarden34,goldgarden34@seeded.app,2024-05-23 04:19:35
334,cobaltjourney16,cobaltjourney16@hackstack.io,2025-07-03 14:29:26
335,urbanorbit89,urbanorbit89@acme.dev,2025-06-13 05:32:42
336,silverdelta67,silverdelta67@opswise.net,2024-11-08 09:21:04
337,urbansignal63,urbansignal63@seeded.app,2024-02-08 15:42:57
338,tidysignal43,tidysignal43@example.com,2024-08-16 01:07:20
339,calmtrail80,calmtrail80@acme.dev,2025-09-24 02:37:29
340,warmzenith29,warmzenith29@example.com,2025-05-14 11:44:54
341,goldgarden74,goldgarden74@opswise.net,2024-02-01 11:41:35
342,dawnfield75,dawnfield75@example.com,2024-06-01 09:00:47
343,tidyengine15,tidyengine15@example.com,2026-01-23 16:52:12
344,urbanvalley81,urbanvalley81@relay.cloud,2024-02-15 11:52:18
345,amberpioneer89,amberpioneer89@seeded.app,2025-02-11 08:22:34
346,quietgarden33,quietgarden33@acme.dev,2024-07-04 19:24:25
347,warmdelta83,warmdelta83@relay.cloud,2025-04-28 12:23:29
348,forestvalley11,forestvalley11@acme.dev,2024-01-03 09:27:59
349,opalquartz39,opalquartz39@seeded.app,2025-12-13 20:06:45
350,opalvalley56,opalvalley56@acme.dev,2025-05-23 20:49:15
351,vividsignal25,vividsignal25@example.com,2024-04-04 04:11:43
352,silversignal16,silversignal16@acme.dev,2024-10-29 23:54:09
353,jadeengine59,jadeengine59@acme.dev,2025-01-13 07:13:59
354,clearmeadow86,clearmeadow86@example.com,2026-01-08 09:27:22
355,calmharvest90,calmharvest90@example.com,2024-08-15 03:59:04
356,jadefield08,jadefield08@hackstack.io,2024-07-06 16:41:32
357,opalanchor41,opalanchor41@acme.dev,2024-03-05 01:53:33
358,jadesignal01,jadesignal01@relay.cloud,2024-06-20 20:00:57
359,proudbeacon03,proudbeacon03@acme.dev,2024-07-29 18:38:59
360,harborlagoon64,harborlagoon64@example.com,2025-08-30 14:56:19
361,calmzenith35,calmzenith35@seeded.app,2025-04-08 19:33:10
362,ivorywindow06,ivorywindow06@example.com,2024-04-18 17:38:28
363,youngzenith46,youngzenith46@relay.cloud,2025-10-20 16:39:07
364,opalnetwork04,opalnetwork04@hackstack.io,2025-10-31 10:34:21
365,dawnpioneer80,dawnpioneer80@relay.cloud,2024-06-22 11:06:03
366,keenriver15,keenriver15@acme.dev,2025-10-26 13:50:08
367,clearisland81,clearisland81@hackstack.io,2024-08-08 19:50:21
368,livelymeadow88,livelymeadow88@hackstack.io,2024-06-15 08:00:09
369,rapidharvest76,rapidharvest76@acme.dev,2025-07-29 16:47:40
370,cobaltcanyon59,cobaltcanyon59@seeded.app,2024-11-13 05:31:43
371,vividdelta65,vividdelta65@seeded.app,2024-03-11 07:52:17
372,mellownetwork68,mellownetwork68@opswise.net,2025-07-15 09:46:22
373,mellowisland99,mellowisland99@hackstack.io,2024-11-17 18:41:53
374,harborlagoon97,harborlagoon97@relay.cloud,2024-02-20 11:04:19
375,amberwindow63,amberwindow63@seeded.app,2025-05-12 18:09:26
376,amberpioneer19,amberpioneer19@acme.dev,2025-02-25 06:48:27
377,keenisland86,keenisland86@example.com,2025-12-14 06:24:50
378,embermeadow02,embermeadow02@opswise.net,2025-12-13 23:52:42
379,emberzenith59,emberzenith59@example.com,2024-05-03 00:47:39
380,dawnengine87,dawnengine87@opswise.net,2024-12-20 10:03:50
381,urbangarden55,urbangarden55@seeded.app,2026-01-29 12:51:07
382,ivoryquartz35,ivoryquartz35@example.com,2025-05-01 09:32:43
383,rapidvalley98,rapidvalley98@hackstack.io,2025-02-21 05:59:02
384,forestanchor80,forestanchor80@example.com,2025-12-19 18:40:52
385,rapidmeadow11,rapidmeadow11@acme.dev,2024-02-24 18:10:14
386,keenwindow36,keenwindow36@seeded.app,2024-04-25 01:51:28
387,harborgarden96,harborgarden96@opswise.net,2024-08-05 06:29:33
388,emberisland19,emberisland19@relay.cloud,2024-07-25 19:49:09
389,calmtrail58,calmtrail58@seeded.app,2024-04-06 08:24:22
390,golduplink22,golduplink22@opswise.net,2024-01-18 13:49:25
391,livelyuplink22,livelyuplink22@acme.dev,2025-10-05 14:16:54
392,ivoryyard01,ivoryyard01@example.com,2024-10-18 20:50:08
393,goldyard05,goldyard05@relay.cloud,2024-06-06 08:09:49
394,dawnzenith13,dawnzenith13@relay.cloud,2025-04-25 15:29:33
395,dawnnetwork59,dawnnetwork59@hackstack.io,2024-03-16 16:15:54
396,proudriver30,proudriver30@example.com,2025-06-19 01:49:47
397,cobaltorbit12,cobaltorbit12@hackstack.io,2024-07-02 16:43:51
398,harborvalley18,harborvalley18@acme.dev,2025-11-05 05:16:30
399,quietsignal53,quietsignal53@relay.cloud,2025-08-04 09:38:42
400,forestuplink10,forestuplink10@acme.dev,2024-12-16 17:50:50
